{"nodes":{"node:1209127768":{"location":{"x":790,"y":256}},"node:18446744072422387142":{"location":{"x":-18,"y":166}},"node:18446744072500076521":{"location":{"x":-263,"y":387}},"node:18446744073006669188":{"location":{"x":323,"y":187}},"node:1942043947":{"location":{"x":119,"y":463}},"node:988533528":{"location":{"x":-217,"y":-47}}},"selection":["node:18446744072422387142"],"view":{"scroll":{"x":-113.519989013671875,"y":-40.3100242614746094},"zoom":0.330000013113021851}}